product_id,link
100000010,https://www.htclazer.com/image/data/miltas-p0571-1051-00001-kt-b2-d28-seramik-tutucu-2-133627400970966507.jpg
100000010,https://www.htclazer.com/image/data/51ni2uwct1s.-ac-uf1000-1000-ql80-.jpg
100000034,https://www.htclazer.com/image/data/images-2-.jpeg
100000034,https://www.htclazer.com/image/data/precitec/precitec.png
100000034,https://www.htclazer.com/image/data/kafa/kafa5.jpg
100000035,https://www.htclazer.com/image/data/71pu3wo63ol.jpg
100000035,https://www.htclazer.com/image/data/2026/logo/h5677f483b33041f7a0a4489b6dd3622eo.jpg
100000036,https://www.htclazer.com/image/data/71pu3wo63ol.jpg
100000057,https://www.htclazer.com/image/data/images-2-.jpeg
100000057,https://www.htclazer.com/image/data/precitec/bb2_pEvx22JbzRpxTDO2s8I3CdinfDEYope0.jpg
100000057,https://www.htclazer.com/image/data/kafa/kafa10.png
100000057,https://www.htclazer.com/image/data/kafa/kafa12.jpg
100000058,https://www.htclazer.com/image/data/cubuk-copy.jpg
100000058,https://www.htclazer.com/image/data/70mm-swabs1-copy.jpg
100000062,https://www.htclazer.com/image/data/precitec/sarf1.jpg
100000132,https://www.htclazer.com/image/data/125mm-swabs1-copy.jpg
100000132,https://www.htclazer.com/image/data/125mm-swabs-copy.jpg
100000292,https://www.htclazer.com/image/data/nukon/Nukon1.jpg
100000292,https://www.htclazer.com/image/data/nukon/Nukon2.jpg
100000292,https://www.htclazer.com/image/data/precitec/bb2_pEvx22JbzRpxTDO2s8I3CdinfDEYope0.jpg
100000292,https://www.htclazer.com/image/data/nukon/nukon3.jpg
100000295,https://www.htclazer.com/image/data/nozzle/double/nozzle_double_duz.jpg
100000295,https://www.htclazer.com/image/data/nozzle/double/6024c1d285db5ef1.jpg
100000329,https://www.htclazer.com/image/data/20201228-230055.jpg
100000329,https://www.htclazer.com/image/data/urunler/RAYTOOLS/images.png
100000330,https://www.htclazer.com/image/data/precitec/sarf1.jpg
100000338,https://www.htclazer.com/image/data/h5677f483b33041f7a0a4489b6dd3622eo.jpg
100000338,https://www.htclazer.com/image/data/precitec/precitec.png
100000338,https://www.htclazer.com/image/data/precitec/trumpf.png
100000339,https://www.htclazer.com/image/data/urunler/20190314-200433-p.jpg
100000339,https://www.htclazer.com/image/data/cubuk-copy.jpg
100000342,https://www.htclazer.com/image/data/71pu3wo63ol.jpg
100000342,https://www.htclazer.com/image/data/precitec/kolkorcampro1.jpg
100000342,https://www.htclazer.com/image/data/precitec/kolkorcampro2.jpg
100000342,https://www.htclazer.com/image/data/precitec/photo.jpg
100000342,https://www.htclazer.com/image/data/precitec/ProCutter12kW_FF150mm_web_06.jpg
100000342,https://www.htclazer.com/image/data/precitec/Germany-PRECITEC-Laser-Cutting-Head-.jpg
100000348,https://www.htclazer.com/image/data/f150-focus-lens.jpg
100000348,https://www.htclazer.com/image/data/precitec/photo.jpg
100000348,https://www.htclazer.com/image/data/precitec/ProCutter12kW_FF150mm_web_06.jpg
100000348,https://www.htclazer.com/image/data/no_image.jpg
100000350,https://www.htclazer.com/image/data/nukb.jpg
100000350,https://www.htclazer.com/image/data/precitec/bb2_pEvx22JbzRpxTDO2s8I3CdinfDEYope0.jpg
100000351,https://www.htclazer.com/image/data/f100-kolimator-lens2-copy.jpg
100000351,https://www.htclazer.com/image/data/kafa-procutter-copy.jpg
100000351,https://www.htclazer.com/image/data/precitec/photo.jpg
100000352,https://www.htclazer.com/image/data/sari-oring-copy.jpg
100000352,https://www.htclazer.com/image/data/kafa-procutter-copy.jpg
100000352,https://www.htclazer.com/image/data/sari.jpg
100000352,https://www.htclazer.com/image/data/precitec/precitec.png
100000353,https://www.htclazer.com/image/data/sikma-halkasi-copy.jpg
100000353,https://www.htclazer.com/image/data/kafa-procutter-copy.jpg
100000353,https://www.htclazer.com/image/data/ss-halka2.jpg
100000353,https://www.htclazer.com/image/data/ss-halka.jpg
100000353,https://www.htclazer.com/image/data/precitec/precitec.png
100000354,https://www.htclazer.com/image/data/ss1.jpg
100000354,https://www.htclazer.com/image/data/precitec/precitec.png
100000354,https://www.htclazer.com/image/data/kafa-procutter-copy.jpg
100000354,https://www.htclazer.com/image/data/ss2.jpg
100000355,https://www.htclazer.com/image/data/h22b270bedf5943aca9527f37aea3ecc49.jpg
100000355,https://www.htclazer.com/image/data/20200809-182207.jpg
100000358,https://www.htclazer.com/image/data/2026/logo/h5677f483b33041f7a0a4489b6dd3622eo.jpg
100000358,https://www.htclazer.com/image/data/kafa/kafa8.jpg
100000358,https://www.htclazer.com/image/data/precitec/bb2_pEvx22JbzRpxTDO2s8I3CdinfDEYope0.jpg
100000360,https://www.htclazer.com/image/data/urunler/lens-temizleme-kagidi.jpg
100000363,https://www.htclazer.com/image/data/20200809-182115.jpg
100000363,https://www.htclazer.com/image/data/20200809-182129.jpg
100000363,https://www.htclazer.com/image/data/20200809-182157.jpg
100000363,https://www.htclazer.com/image/data/20200809-182207.jpg
100000364,https://www.htclazer.com/image/data/f200.jpg
100000364,https://www.htclazer.com/image/data/20200809-182157.jpg
100000365,https://www.htclazer.com/image/data/20200409-224419.jpg
100000365,https://www.htclazer.com/image/data/20200809-182115.jpg
100000368,https://www.htclazer.com/image/data/tasima/20200726-144728.jpg
100000368,https://www.htclazer.com/image/data/tasima/20200806-170141.jpg
100000368,https://www.htclazer.com/image/data/tasima/20201003-121524.jpg
100000368,https://www.htclazer.com/image/data/tasima/img-20180530-wa0021.jpg
100000368,https://www.htclazer.com/image/data/tasima/img-20180531-wa0009.jpg
100000368,https://www.htclazer.com/image/data/tasima/img-20191123-wa0004.jpg
100000368,https://www.htclazer.com/image/data/tasima/img-20191224-wa0002.jpg
100000368,https://www.htclazer.com/image/data/tasima/img-20200129-wa0004.jpg
100000368,https://www.htclazer.com/image/data/tasima/img-20200307-wa0004.jpg
100000373,https://www.htclazer.com/image/data/urunler/bystronic/4-01642-4-00569-1-copy-copy.jpg
100000373,https://www.htclazer.com/image/data/urunler/bystronic/4-01642-4-00569-3-copy.jpg
100000373,https://www.htclazer.com/image/data/urunler/bystronic/4-01642-4-00569-2-copy.jpg
100000373,https://www.htclazer.com/image/data/precitec/bystronic.png
100000375,https://www.htclazer.com/image/data/urunler/bystronic/4-09010/4-09010-1-copy.jpg
100000375,https://www.htclazer.com/image/data/urunler/bystronic/4-09010/4-09010-2-copy.jpg
100000375,https://www.htclazer.com/image/data/urunler/bystronic/4-09010/4-09010-3-copy.jpg
100000375,https://www.htclazer.com/image/data/urunler/bystronic/4-09010/4-09010-4-copy.jpg
100000375,https://www.htclazer.com/image/data/precitec/bystronic.png
100000376,https://www.htclazer.com/image/data/urunler/bystronic/10032838/10032838-1-copy.jpg
100000376,https://www.htclazer.com/image/data/urunler/bystronic/10032838/10032838-3-copy.jpg
100000376,https://www.htclazer.com/image/data/urunler/bystronic/10032838/10032838-2-copy.jpg
100000376,https://www.htclazer.com/image/data/urunler/bystronic/10032838/10032838-4-copy.jpg
100000376,https://www.htclazer.com/image/data/precitec/bystronic.png
100000377,https://www.htclazer.com/image/data/urunler/bystronic/nukon-halka/highyag-seramik-halka-1-copy.jpg
100000377,https://www.htclazer.com/image/data/urunler/bystronic/nukon-halka/highyag-seramik-halka-2-copy.jpg
100000377,https://www.htclazer.com/image/data/urunler/bystronic/nukon-halka/highyag-seramik-halka-3-copy.jpg
100000377,https://www.htclazer.com/image/data/kafa/kafa11.jpg
100000377,https://www.htclazer.com/image/data/urunler/bystronic/nukon-halka/highyag-seramik-halka-4-copy.jpg
100000378,https://www.htclazer.com/image/data/nozzle/m14-single/single-nozzle-copy.jpg
100000383,https://www.htclazer.com/image/data/nozzle/m14-single/double-nozzle-copy.jpg
100000388,https://www.htclazer.com/image/data/urunler/ipg/ipg-1-copy.jpg
100000388,https://www.htclazer.com/image/data/urunler/ipg/ipg-2-copy.jpg
100000388,https://www.htclazer.com/image/data/urunler/ipg/ipg-3-copy.jpg
100000388,https://www.htclazer.com/image/data/urunler/ipg/ipg-4-copy.jpg
100000389,https://www.htclazer.com/image/data/kt-xb1.jpeg
100000389,https://www.htclazer.com/image/data/precitec/precitec.png
100000389,https://www.htclazer.com/image/data/kt-xb-2.jpeg
100000389,https://www.htclazer.com/image/data/precitec/procutter-2.0-2-kopya.jpg
100000397,https://www.htclazer.com/image/data/71pu3wo63ol.jpg
100000397,https://www.htclazer.com/image/data/kafa/kafa4.jpg
100000397,https://www.htclazer.com/image/data/urunler/RAYTOOLS/RAY4.png
100000397,https://www.htclazer.com/image/data/419grdvprxl.-ac-sl1000-.jpg
100000397,https://www.htclazer.com/image/data/urunler/RAYTOOLS/RAY2.png
100000398,https://www.htclazer.com/image/data/2026/logo/main-picture.jpg
100000398,https://www.htclazer.com/image/data/urunler/RAYTOOLS/RAY2.png
100000398,https://www.htclazer.com/image/data/urunler/RAYTOOLS/RAY4.png
100000398,https://www.htclazer.com/image/data/kafa/kafa4.jpg
100000398,https://www.htclazer.com/image/data/419grdvprxl.-ac-sl1000-.jpg
100000400,https://www.htclazer.com/image/data/2026/logo/71pu3wo63ol.jpg
100000401,https://www.htclazer.com/image/data/2026/logo/h5677f483b33041f7a0a4489b6dd3622eo.jpg
100000402,https://www.htclazer.com/image/data/2026/logo/main-picture.jpg
100000402,https://www.htclazer.com/image/data/419grdvprxl.-ac-sl1000-.jpg
100000403,https://www.htclazer.com/image/data/csm-kt-x-p0595-92036-6a73fa2367.jpg
100000403,https://www.htclazer.com/image/data/precitec/precitec.png
100000403,https://www.htclazer.com/image/data/precitec/procutter-2.0-2-kopya.jpg
100000406,https://www.htclazer.com/image/data/h5677f483b33041f7a0a4489b6dd3622eo.jpg
100000406,https://www.htclazer.com/image/data/419grdvprxl.-ac-sl1000-.jpg
100000407,https://www.htclazer.com/image/data/images-2-.jpeg
100000409,https://www.htclazer.com/image/data/71pu3wo63ol.jpg
100000410,https://www.htclazer.com/image/data/2026/logo/koruma-cami.jpg
100000457,https://www.htclazer.com/image/data/urunler/RAYTOOLS/images.jpg
100000457,https://www.htclazer.com/image/data/419grdvprxl.-ac-sl1000-.jpg
100000457,https://www.htclazer.com/image/data/kafa/kafa4.jpg
100000457,https://www.htclazer.com/image/data/urunler/RAYTOOLS/beschermvensters.jpg
100000457,https://www.htclazer.com/image/data/urunler/RAYTOOLS/RAY4.png
100000457,https://www.htclazer.com/image/data/urunler/RAYTOOLS/RAY2.png
100000457,https://www.htclazer.com/image/data/urunler/RAYTOOLS/images.png
100000459,https://www.htclazer.com/image/data/urunler/RAYTOOLS/41nt8wpqyil.-ac-sy1000-.jpg
100000459,https://www.htclazer.com/image/data/urunler/RAYTOOLS/images.png
100000459,https://www.htclazer.com/image/data/urunler/RAYTOOLS/RAY2.png
100000459,https://www.htclazer.com/image/data/kafa/kafa4.jpg
100000459,https://www.htclazer.com/image/data/urunler/RAYTOOLS/RAY4.png
100000467,https://www.htclazer.com/image/data/419grdvprxl.-ac-sl1000-.jpg
100000471,https://www.htclazer.com/image/data/2.0.jpg
100000473,https://www.htclazer.com/image/data/419grdvprxl.-ac-sl1000-.jpg
100000474,https://www.htclazer.com/image/data/urunler/indir.jpeg
100000474,https://www.htclazer.com/image/data/urunler/hb580dfe4ead84a7aab1cf4a0ac5761724.jpg
100000474,https://www.htclazer.com/image/data/urunler/indir-1-.jpeg
100000474,https://www.htclazer.com/image/data/urunler/h948c0540040e4f82bbd4badbd3425759j.png
100000475,https://www.htclazer.com/image/data/419grdvprxl.-ac-sl1000-.jpg
100000476,https://www.htclazer.com/image/data/71pu3wo63ol.jpg
100000476,https://www.htclazer.com/image/data/precitec/photo.jpg
100000476,https://www.htclazer.com/image/data/precitec/Germany-PRECITEC-Laser-Cutting-Head-.jpg
100000477,https://www.htclazer.com/image/data/2026/seramik8-photoroom-1.png
100000477,https://www.htclazer.com/image/data/2026/d28-h12-m11-seramik-8df3d8.jpg
100000477,https://www.htclazer.com/image/data/precitec/Germany-PRECITEC-Laser-Cutting-Head-.jpg
100000477,https://www.htclazer.com/image/data/precitec/precitec_hp_ssl_plus.jpg
100000483,https://www.htclazer.com/image/data/htchiznzde.jpg
100000500,https://www.htclazer.com/image/data/ktx-single-nozzle-600x800-1-.jpeg
100000500,https://www.htclazer.com/image/data/ktx-single.jpg
100000509,https://www.htclazer.com/image/data/ktx-double.jpg
100000509,https://www.htclazer.com/image/data/ktx-single.jpg
100000518,https://www.htclazer.com/image/data/rf-cable-l150.jpg
100000518,https://www.htclazer.com/image/data/htc-lazer-eko-copy.jpg
100000519,https://www.htclazer.com/image/data/bez1.jpg
100000519,https://www.htclazer.com/image/data/bez2.jpg
100000520,https://www.htclazer.com/image/data/419grdvprxl.-ac-sl1000-.jpg
100000521,https://www.htclazer.com/image/data/419grdvprxl.-ac-sl1000-.jpg
100000522,https://www.htclazer.com/image/data/419grdvprxl.-ac-sl1000-.jpg
100000523,https://www.htclazer.com/image/data/ec-laser-1%281%29.png
100000523,https://www.htclazer.com/image/data/ec-laser-2.png
100000524,https://www.htclazer.com/image/data/nozzle/single/nozzle_single_duz.jpg
100000524,https://www.htclazer.com/image/data/nozzle/single/6024c1d285db5ef1.jpg
100000525,https://www.htclazer.com/image/data/seal-ring.jpg
100000526,https://www.htclazer.com/image/data/seal-ring.jpg
100000527,https://www.htclazer.com/image/data/seal-ring.jpg
100000528,https://www.htclazer.com/image/data/seal-ring.jpg
100000529,https://www.htclazer.com/image/data/seal-ring.jpg
100000530,https://www.htclazer.com/image/data/seal-ring.jpg
100000531,https://www.htclazer.com/image/data/seal-ring.jpg
100000532,https://www.htclazer.com/image/data/seal-ring.jpg
100000533,https://www.htclazer.com/image/data/seal-ring.jpg
100000534,https://www.htclazer.com/image/data/seal-ring.jpg
100000535,https://www.htclazer.com/image/data/seal-ring.jpg
100000536,https://www.htclazer.com/image/data/boci-orijinal-lazer-koruyucu-lens-34x5-21-5x2-25-4x4-20kw-30kw-lazer-koruma-windows-blt641.jpg
100000542,https://www.htclazer.com/image/data/glzlk.jpg
100000543,https://www.htclazer.com/image/data/2026/logo/raytools-bm06k.png
100000544,https://www.htclazer.com/image/data/419grdvprxl.-ac-sl1000-.jpg
100000545,https://www.htclazer.com/image/data/2026/logo/logo-2026.jpg
100000546,https://www.htclazer.com/image/data/71pu3wo63ol.jpg
100000547,https://www.htclazer.com/image/data/71pu3wo63ol.jpg
100000548,https://www.htclazer.com/image/data/blog-5.jpg
100000549,https://www.htclazer.com/image/data/blog-5.jpg
100000550,https://www.htclazer.com/image/data/ceramicring-1-1.jpg
100000552,https://www.htclazer.com/image/data/h10afd54fa42c45bb987ae95aefb4e5cc3.jpg
100000552,https://www.htclazer.com/image/data/urunler/RAYTOOLS/images.png
100000552,https://www.htclazer.com/image/data/full-sqyzjusw.jpg
100000552,https://www.htclazer.com/image/data/a94a4a58bcd9ffccfa5fbdad055b1eca.jpg
999999108,https://www.htclazer.com/image/data/urunler/sunny-shop-amweican-fashion-strip-women-bag-with-accessories-red.jpg
999999108,https://www.htclazer.com/image/data/urunler/category-1.png
999999108,https://www.htclazer.com/image/data/urunler/category-4.png
